,#,item 1,item 2,item 3,item 4,item 5,item 6,item 7,item 8,item 9,item 10,item 11,item 12,item 13,item 14,item 15,item 16,item 17,item 18,item 19,item 20,item 21,item 22,item 23,item 24,item 25,item 26
0,l57iwxvbsb30sjpuy45hil57iwntda7l,0,0,0,1,0,1,1,1,0,0,0,1,1,1,1,1,1,0,1,1,1,1,1,1,0,1
1,hml6linh2hxbyusch5khml6lxf31xwnj,0,0,0,1,0,0,0,0,0,1,0,1,1,1,1,1,1,0,1,0,0,0,0,1,1,1
2,mxyvt2njz01ozvgiam0y5jmxyvt2dsw5,0,0,1,0,0,0,0,0,1,1,1,1,0,0,0,0,1,1,0,0,1,0,0,0,0,0
3,er329a654xjyg4w954ccpaer329az2ct,0,1,0,0,0,0,0,0,1,1,0,1,1,1,1,1,0,0,0,0,0,0,1,0,0,0
4,lqmsqqqpqf86dkqi63rtgep7lqmsqqng,1,0,0,1,1,0,1,0,0,1,0,1,1,1,1,1,0,0,0,0,0,0,0,0,1,1
5,zgz99euhlazikmeym4izgz99eu797hm0,1,1,0,1,0,0,0,1,0,0,1,1,1,1,1,1,0,0,0,1,1,0,0,0,1,0
6,jttlvk8lin0b45zhm2jttlvkjue38spn,0,1,0,0,0,0,0,1,1,1,1,1,1,1,1,0,0,0,0,0,1,0,0,0,0,1
7,c5d284y0lbntgkk3c5d284oztrpbtp3o,0,0,0,0,0,0,1,1,0,0,0,0,0,0,0,1,1,0,0,0,1,1,0,0,0,0
8,ey17flrkpgpere6a9oey17ndj3ot2nyn,0,0,0,1,0,0,0,0,1,0,1,1,0,0,0,0,1,1,0,0,0,0,0,0,0,0
9,20kwiyjcppv600bcn520kwicwgz1lf19,1,0,0,0,0,0,0,0,1,0,1,0,0,0,0,0,1,1,0,0,0,0,1,1,0,1
10,co3812bm0p19rouqtbimt3ajco38122q,0,1,0,0,0,0,0,0,0,0,0,0,0,1,0,1,0,0,0,0,0,0,0,0,0,1
11,zpzv7dm2n9uy1qnyb6orzpzv7mkcsz9m,1,1,1,0,0,0,1,1,0,0,1,1,1,1,1,1,1,0,0,1,1,0,0,0,0,0
12,xvpng2nv9mfvscxvphl8clw8m2vd783m,1,0,0,0,0,1,0,1,0,1,1,1,1,1,1,1,0,0,1,1,0,0,0,0,0,1
13,63v9knrd3al1qervaj63vxocafk7h55z,1,1,0,1,0,0,0,1,0,0,1,0,1,0,0,0,1,1,0,0,0,0,0,0,0,0
14,2trhovawercokmtln1e97112trhovaw2,0,1,0,0,0,0,0,0,0,0,1,1,1,1,1,1,1,1,1,0,0,0,0,0,0,1
15,g6qcsjhp0ksj4vq66g6qcsu386uwm44z,1,0,1,0,0,0,1,1,1,0,1,1,1,1,1,1,1,1,0,0,0,0,1,0,0,1
16,vbeyhmfo1vau9f24tvcvbeyhm0hwytq5,0,1,0,1,0,0,0,0,0,1,1,0,0,1,0,1,0,1,1,0,0,0,1,1,0,1
17,1drqazmezh5lyzw1drqeijyjiaghupul,0,0,0,0,0,0,1,1,1,0,0,1,0,0,1,0,1,1,0,1,1,0,0,0,0,1
18,875nfbagpbkjqwyehi875nfbknlbdvgo,0,0,0,0,1,0,0,0,0,0,1,1,1,0,0,1,1,1,0,0,0,1,0,0,0,1
19,qhsy1rwydskpr5kbjl9qhsy1rw22mpw3,0,0,0,0,0,1,0,0,0,1,0,0,0,0,0,0,1,1,0,0,0,0,0,0,0,0
20,32rcnt93k8yh5wsv9132rsapf7mamzn9,0,1,0,0,0,0,0,0,1,0,0,1,1,1,0,0,0,0,0,0,1,1,0,0,1,1
21,va7x5zm3koad9y3khova7x5qrxw5ylw1,0,0,0,0,0,1,1,0,1,1,0,1,1,1,1,1,0,1,1,0,1,0,1,0,0,1
22,2b6xmqc53oldbsg2b6xgun5jf0x1zrnl,0,0,0,0,0,0,1,0,0,0,0,1,0,0,0,0,1,0,0,1,0,0,1,0,0,0
23,npnyhbkdo9jl7e7mnpnyhbkzrit0d15v,0,1,0,1,1,1,0,1,1,1,0,1,1,1,1,1,1,1,1,0,0,0,0,0,0,0
24,9ablclps7lqgjwgma9ablj7h7z7b3ir2,0,1,0,0,0,1,1,1,1,0,1,1,0,1,0,0,0,1,0,0,0,0,0,0,0,0
25,7uvnzwpuw5trwkkbw7uhw9r5dfqqtoiu,0,0,0,0,0,0,0,1,0,1,0,1,0,0,1,1,1,0,1,0,0,0,0,0,0,0
26,iuazo1zkzkua0deo6lhiuazo1dwmxcal,0,1,1,0,0,1,0,1,0,1,0,1,1,1,1,1,0,1,0,1,1,1,0,1,0,1
27,9v53vpugb0mxr3pq49v53vaz24428vpi,0,0,0,0,1,0,1,1,0,0,0,1,1,1,1,1,0,0,0,0,1,0,1,0,1,1
28,8bc8ycwgo4en8c88bc8mpufa1ttauhnn,0,1,0,1,0,0,1,1,1,0,0,1,1,1,1,1,1,0,0,1,1,0,1,1,0,1
29,6959nzpkydaey0qlu37l6959nz16vk0t,1,1,1,1,1,1,0,1,1,0,1,1,1,1,1,1,1,1,1,1,1,0,1,0,0,0
30,by28mj42bpbk9pabzo4fg6oiby28m2a4,1,1,1,0,1,1,0,1,0,1,1,1,1,1,1,0,0,1,0,1,1,1,1,0,0,1
31,87oz66mqppm9bgyc87oz66p0mja3mb3m,1,1,0,0,0,0,0,1,0,0,0,1,1,0,1,0,1,0,0,1,0,0,0,0,0,0
32,9ohx6kc95t4xjnqq9ohx6k04n09m15dp,1,0,0,0,0,0,0,0,1,0,0,1,0,0,0,0,1,0,0,0,1,1,0,0,0,0
33,6j1heznmflnwsb4o6j1hezn53h8yl10q,0,1,0,0,0,1,1,1,0,1,1,1,1,1,1,1,0,0,0,0,1,0,1,1,1,1
34,10m2cyzw0nsk10o1xr2d0u7n8pugc2jr,0,0,0,0,1,1,0,1,1,0,1,1,1,1,1,1,1,0,1,0,0,0,0,0,1,0
35,j61a6zqhqbxnrxg426syj61a6zgxpk2e,0,1,0,0,0,1,0,1,0,0,1,1,1,1,1,1,0,0,0,1,1,0,1,1,0,1
36,h0zp8qkts3yq00h0zp26mroxn0di0wek,0,1,0,0,0,0,0,1,1,1,1,1,1,1,1,1,0,1,0,1,1,0,1,0,0,0
37,ffbijrfsqjsh45rff3vaznab1ltf3vaj,0,1,0,1,1,1,0,1,1,1,0,1,1,1,1,1,0,1,0,0,0,0,1,0,0,0
38,g9sbwxwb1rvgx4jeg9sbjotgkcyw0613,1,0,0,0,0,0,0,1,1,0,0,1,1,0,0,0,0,0,0,0,0,1,1,0,0,1
39,i35af7tm1rbitux6y41oi35af7th36in,0,1,1,0,0,0,0,1,0,1,0,1,1,1,1,1,1,0,0,0,1,0,1,0,0,0
40,rw3wxdix70y30hprw3wwuuid9eiu4v1q,0,0,0,0,0,0,0,1,0,0,0,1,1,1,1,0,1,1,0,1,0,1,0,0,0,1
41,xx072art30iksif6ejqxx07o6ry9mh9g,0,0,0,1,0,0,0,0,0,0,0,0,0,0,0,0,1,0,1,0,1,1,0,1,0,1
42,gw8gxe1qohgp0wi20pgw812d8wi23n7t,0,0,0,0,0,1,1,1,0,1,1,1,1,1,1,1,0,0,0,1,1,0,0,1,0,1
43,6zski6cl6gcl1lesm6zskmetstw65sg0,0,0,0,0,0,1,1,1,1,1,0,1,1,1,1,1,1,0,0,0,0,0,1,0,0,1
44,mjx1hq8mb5p9ra3mjx1hq8ftpuu9g7vl,1,1,0,1,0,0,0,1,0,0,0,1,1,1,1,0,1,1,0,0,0,1,1,0,0,0
45,5vfwyx1vjw01871f3f5i845vfk6rwuu8,0,0,0,0,0,0,0,0,1,1,0,1,1,1,1,0,0,1,1,0,0,0,1,0,0,0
46,f0fv3k16ixwf5nf0fv3kjgk2xf7khotr,0,1,0,1,0,0,1,1,1,0,1,1,1,1,1,1,0,0,1,0,0,1,0,0,0,0
47,0m4vlu0jb1h90m4wsc8e9vqr66s9gq48,0,1,0,0,0,0,1,1,0,1,0,1,1,1,0,0,0,0,0,0,0,0,0,0,0,0
48,lvinkgz4r6quz434r4lvinkg441qqd67,0,1,0,0,0,0,0,0,0,0,0,0,0,0,0,0,0,0,0,0,0,0,0,0,1,0
49,lro1olonaldi3eup90q9lro1ole0vey3,1,0,0,0,0,1,0,1,1,1,0,1,1,1,1,1,1,1,1,0,0,1,1,0,0,1
50,9yop6ih3oo10ksglnm9yop6iwqz5y6p1,0,0,0,1,1,1,0,1,1,1,0,1,1,1,1,1,0,0,0,1,0,0,1,0,0,1
51,qtr6a70oh9gzhuck7gli23o4qtr6a70a,0,0,0,0,0,0,0,0,1,1,0,1,1,1,1,0,1,1,0,0,1,0,0,0,0,0
52,4rvg8h85qnn3r44rvg8ndvia20541727,0,1,0,0,0,1,0,0,0,0,0,1,1,1,1,1,0,0,0,0,1,0,1,0,0,0
53,c6v0zrhm1qsr9jdc6v0z9q3p5g01j9mf,0,0,0,0,0,0,0,0,0,0,1,0,0,0,0,1,0,0,1,1,0,1,0,0,0,0
54,rlz2wsriq48vgdrlz2wbo1y176t16xtx,0,0,0,0,0,0,0,1,0,1,0,1,1,1,1,1,1,0,0,0,1,0,0,0,1,0
55,5e4y2ft4xjibgbamic75e4y2hzxhln2v,1,1,0,0,0,0,0,1,0,1,0,1,1,1,1,0,0,1,0,0,0,0,1,0,0,0
56,9eeea3gl19rhwnt74ykg9eeeabunqx66,0,1,1,1,0,0,0,1,0,1,0,1,1,1,1,1,0,1,0,1,1,0,0,0,0,1
57,t0f30j01gu8s4mt0f3tftu2mj6de3123,0,1,0,1,1,0,0,0,1,0,1,1,0,0,0,0,1,1,0,0,1,0,0,1,1,0
58,da4fpwzwdxgd9948l99da4fpwfcup147,0,1,0,0,0,1,0,1,1,0,0,1,1,1,1,1,1,1,0,0,0,0,1,0,0,0
59,zcjopyb34jfzrtkkzcjourzg3gfcr82g,1,1,1,1,0,1,1,1,1,1,1,1,1,1,1,1,1,0,1,0,0,0,0,1,0,1
60,m738ldm3mf9nk42p0m738ldhydbsbd94,0,1,0,1,0,1,0,1,1,0,0,1,1,1,1,1,0,1,0,1,1,0,1,0,0,1
61,zb89cu1hnahydarlyjcn5zb89cu1holu,0,1,0,0,1,1,0,1,1,0,0,1,1,1,1,1,0,0,1,1,0,0,1,0,0,1
62,seyymhw7q5gne92nb0trpseyymhwsogj,0,0,0,1,0,0,1,1,1,1,0,1,1,1,1,1,1,1,0,0,0,0,0,1,0,0
63,53xyonmf7lqe8n65253xyoz3a19jdl3l,0,0,1,1,0,0,0,0,1,0,1,1,1,1,1,1,1,0,0,0,1,0,1,0,0,1
64,mkea71qkdncj6rtw2mkeablmbxt49kj9,0,0,0,1,0,1,0,1,1,1,1,1,1,1,1,0,0,0,0,1,0,0,0,0,0,1
65,o52llskwbxyit58ei6v79o52llskrt0p,0,0,0,1,0,0,1,1,0,0,1,1,1,1,1,1,0,0,0,0,1,0,0,1,1,1
66,mji6or0ulw3wj23koiokbmji6jmw2m4a,0,0,0,0,0,0,0,0,0,0,0,0,0,0,0,0,0,0,0,0,1,0,1,0,0,0
67,5p7ppuuu2nhlul6ip3uk4s5p7pputl0t,0,1,0,0,0,1,0,1,0,0,0,1,1,1,1,0,1,1,0,0,1,1,0,1,0,0
68,elpy71hb4dfn7sthkaelpy71hgaqibbm,0,1,0,0,0,0,1,1,0,0,0,0,0,0,0,1,0,1,1,0,0,0,0,0,0,0
69,n6kozh5i3wrcjq452vqmvzqvn6kozhhf,0,0,0,0,0,0,0,1,0,1,1,0,0,0,1,0,1,1,0,0,1,1,0,1,1,0
70,n2g2h5vputc8td4ktzcn2g2h54y5l2jt,0,0,0,0,0,1,1,1,0,0,0,1,1,1,1,0,1,1,0,1,0,0,0,0,0,0
71,3vvnzsqmmud9bam4yh3vvnzs1jmg97mc,1,0,0,0,0,0,0,0,0,0,0,0,0,0,0,1,0,0,1,1,0,1,0,0,1,0
72,eao59oko97266znstqeao59q6d2a14xa,1,1,0,0,1,0,1,1,1,1,1,1,0,0,0,0,1,1,0,1,1,1,0,0,0,1
73,m1x080sk6npaq73ha5m1x080sdoefva7,0,0,0,1,0,1,1,1,0,0,0,1,1,1,1,1,0,0,0,0,1,1,1,0,0,1
74,oywvfds7atc8whwwooywvfds04gtfsqt,0,1,0,1,0,0,1,1,1,1,0,1,1,1,1,1,0,1,0,0,1,1,0,0,0,1
75,1qaehr7wd64aihy1qaehwox9llzbzo8z,1,0,0,0,0,1,1,0,0,0,1,1,1,1,1,0,1,1,0,1,1,0,0,0,0,1
76,7ipx1u6zthqmcbt50x1jdn1j7ipx1u6l,0,0,0,0,0,1,0,1,0,1,0,1,1,1,1,1,0,0,0,1,1,1,1,0,0,1
77,zyhmv9czf9lvggmdfucozyhmvqf6aiga,1,1,0,1,0,1,1,1,0,0,1,1,1,1,1,1,1,1,0,1,1,0,1,0,0,0
78,wa7jdogzz4y2be4lxiwa73dvfqcttgo7,0,0,0,0,0,1,0,1,1,0,1,1,1,1,0,0,0,1,1,1,0,1,0,0,1,0
79,phsk6rmlx0drxgd1phsksg1ak2zptiqw,1,0,0,0,0,1,1,1,0,1,0,1,1,1,1,1,0,0,0,0,1,0,0,0,0,1
80,osh7o5s2h28ihaoshwap92qplfchasec,0,0,1,0,0,1,0,0,0,0,0,0,1,0,1,0,1,0,1,0,0,0,0,0,0,1
81,ntqayekfzq4f2fvjzm8ntqa4101miomi,0,1,0,1,0,0,0,1,1,0,0,1,1,1,1,0,0,0,0,0,0,0,1,0,0,1
82,6x7je44uyn1c0n6x7je4khrkjku27zqv,0,1,0,0,0,0,0,1,0,0,0,0,1,0,1,1,0,0,0,0,1,1,0,0,0,0
83,k5kl37u1g7gmhzhnvck5klc2dguroyoa,0,1,0,0,1,1,0,1,0,1,0,1,1,1,1,1,0,0,0,0,0,1,0,0,0,0
84,hmkxx3129lrd4u2smhmk8gsvxikq6mf9,0,0,1,1,0,1,0,1,1,1,0,1,1,1,1,0,1,1,0,1,1,0,1,0,0,1
85,afdafu9vn4seij1b4cx9afdafu99vpc4,0,1,0,0,0,0,0,1,1,0,0,1,1,1,1,1,0,0,0,0,1,0,1,0,0,0
86,5dv2rshi6cx3cu1a15ztd5dv2rsh7gh0,0,1,1,0,0,0,1,1,0,0,1,1,1,1,1,1,0,1,0,0,1,1,0,0,1,0
87,cw6pegl6wrqcw61p838e1lj730zp1k09,1,1,0,0,0,1,0,0,1,0,0,1,1,0,0,0,0,0,0,0,0,0,1,0,0,0
88,zolz3ihddsve7mheuuvmhazolz3ihbpq,0,1,0,1,0,1,1,1,1,0,1,1,1,1,0,1,0,1,0,0,0,0,0,0,0,0
89,taco3s1p5ec012vtaco3xj9dilf23qjj,0,1,0,0,0,0,1,1,0,0,0,1,1,1,1,0,0,0,0,1,0,1,1,0,0,1
90,lnmh3xvrya2ryti6dezsdlnmh37h7mlh,0,1,0,0,0,0,0,0,0,0,0,0,1,0,0,0,0,0,0,0,0,1,0,0,1,0
91,v3qtgml0b7byxwv3qtvr2s0dx04pqjj9,0,0,0,0,0,0,0,0,1,1,0,0,1,0,0,0,1,1,1,0,1,0,1,0,1,0
92,cjidks01ff5ogv6anyvd0gcjidks01fy,0,0,0,0,0,0,0,0,1,0,1,1,0,0,0,0,1,1,1,0,1,0,0,0,1,1
93,ndydminpu9v4ole3s9ndydm686avhrgs,0,0,0,0,0,0,0,1,0,0,0,1,1,1,1,0,0,1,0,0,1,0,1,0,0,1
94,ckbk18zv40kyyu13e9ckbgoug6s2zgko,0,1,0,0,1,0,1,1,0,0,0,1,1,1,1,0,1,0,0,1,0,1,0,0,0,0
95,je5kfpewcjhq3cz0j3xje5kf3w21pzfd,0,1,0,0,0,1,1,1,0,1,1,1,1,0,0,1,1,1,0,0,0,1,1,0,0,0
96,qs2dejk29j4ary69qs2dejrrv8thppla,0,1,0,0,0,1,0,1,0,0,0,1,1,0,0,0,1,0,1,0,0,1,0,0,0,0
97,v1heo59wwec32i085q77lv1heo5dbybx,0,0,0,0,1,0,0,0,0,1,0,0,1,0,0,0,0,0,0,1,1,0,0,1,1,0
98,a8zgqa3m55uelqfa8zgqthf5kyhlhuvw,0,1,0,1,0,0,0,0,0,1,0,1,1,1,1,1,1,0,0,0,0,0,1,0,0,0
99,1i1az1oyeo6elj1i1az3dqfp7blrddu6,1,1,0,0,1,1,1,1,0,0,1,1,1,1,1,0,1,1,1,0,0,1,0,0,0,0
100,n4l7hftdb31jz6795yn4l7hfftov7wvw,1,1,0,1,1,1,1,1,1,0,0,1,1,1,1,1,0,0,1,1,1,0,1,0,0,1
101,81cvn2osbyhjzvcrd8x81cvdyd7snuip,1,0,0,0,0,1,0,1,0,0,0,1,1,1,1,1,0,0,0,0,1,0,0,0,0,0
102,317aa6pspk2n1j317vp59szee85vn5vp,0,0,0,1,0,0,0,1,1,0,0,1,1,0,1,0,0,0,0,1,0,1,0,0,1,1
103,jpr2db58kevg8357jpr2dbi2fbhw1ol4,0,0,0,0,0,1,0,0,1,0,1,0,0,0,0,0,1,0,1,0,0,0,0,1,0,0
104,0j4r2vko5otzdxz3h0j4rftrcywda15j,1,0,0,1,1,0,0,1,1,0,0,0,1,0,0,1,0,0,0,1,0,0,1,0,0,0
105,o3300heaq7lhrw7c84xzo3300hwox58u,0,1,0,0,0,1,1,1,0,0,0,1,0,1,1,0,0,0,0,1,1,0,0,0,0,0
106,cs21i7hw3a9d6ga9cs2jlb0h0zocifjl,0,0,0,1,0,0,1,1,1,1,0,1,0,0,0,0,0,0,1,0,0,0,0,0,0,0
107,qd7c8kze6acajtqd7c4792ir69vpss0f,0,0,0,0,0,0,0,0,0,1,0,0,0,0,0,0,0,0,1,0,0,0,0,0,0,1
108,6rxzwq8hfqtdq4z5px6rxzwfwrkmp8sf,1,0,0,0,0,1,1,1,1,0,1,1,1,1,1,0,0,1,0,0,0,1,0,0,0,1
109,ftehiht1unmpwual9vuftehi15nh3ixp,1,1,0,0,0,1,1,1,0,0,1,1,1,1,1,1,0,1,1,1,1,0,1,0,0,1
110,po87tloagom9mcc6bipo87tllxqqzcgq,0,1,0,0,0,1,0,1,0,1,0,1,1,1,1,1,0,1,1,0,0,0,0,1,0,0
111,sz8x5d33ydfvvbhsz8x5wxx3e7hymz70,1,0,0,0,0,0,1,1,0,1,0,1,1,1,1,0,0,1,0,1,0,0,0,1,1,1
112,qgtj2dg4tynlzsksfiqgtj2xknxqmyx5,1,1,0,1,0,1,1,1,0,1,1,1,1,1,1,0,1,1,0,0,1,0,0,0,1,1
113,gcoupxodg8ji070xf0iwifgcoupxwtxd,0,0,0,0,0,0,0,1,1,1,1,1,0,0,0,0,1,1,0,0,0,1,1,0,0,0
114,b1selxuuo0vrcqhwz7b1s91lhperjz3i,1,1,0,0,0,0,0,1,1,0,0,1,1,1,1,0,1,0,0,0,1,1,0,0,0,1
115,lge2wvyeuitkfx3hglge2wvqpqpt5gpw,0,1,0,0,0,0,0,0,0,1,1,1,1,1,1,0,0,0,0,0,0,0,0,1,0,1
116,vdvnr1qqntdzm63yvbryvdvnrwhtnhzi,0,0,1,0,0,0,0,1,1,0,1,1,1,0,0,0,1,1,0,1,1,0,1,1,0,0
117,u68guqov564z3ya9nu68g67idv9bhpqs,0,1,1,1,0,0,1,1,1,0,0,1,1,1,1,0,1,1,0,0,1,0,1,0,0,0
118,we2x9s53vz2efh2lwe2x9sqyf5sl8811,0,1,0,0,1,0,0,0,1,0,0,1,1,1,1,0,1,0,0,0,0,1,1,0,0,0
119,4u49q4xiacrirmp5bl4u49q65gxjfg9e,0,0,0,0,0,0,0,1,1,0,0,1,1,1,1,0,0,1,0,1,1,1,0,0,0,1
120,6ictxss97n0lhkx9kgv6ictxsvst71td,0,0,0,0,0,0,1,1,0,0,0,1,1,1,1,0,0,1,0,1,0,0,0,0,0,1
121,ep0winzifefx9xfep0wtwdkk03x59l8x,1,0,0,1,0,1,1,0,0,1,0,1,1,1,1,1,1,0,0,0,1,0,0,1,1,0
122,8qfu4rlxyxo04jt8qyvzegwdasdcjkpt,1,1,0,0,1,0,0,1,1,1,0,1,0,0,0,1,1,0,0,0,1,0,0,0,0,0
123,mzw3yk974mnjtufnqghnmzw37zk36eml,1,1,1,0,0,1,1,1,0,0,1,1,1,1,1,1,0,0,0,1,1,0,0,0,0,1
124,bjg1qn2f71vtv2l3bjg1huv5h3rsp4mq,0,0,0,0,0,0,1,1,0,1,1,1,1,1,1,1,0,0,0,1,0,0,1,0,0,0
125,5n601matxryqqpq5n6a04j1lqv9f1id6,0,1,0,0,0,0,1,0,1,0,0,1,1,0,1,1,0,0,0,1,0,1,0,0,0,0
126,0xb1oo7lck4r300xb129t2umfnxoch0o,1,1,0,0,0,1,1,1,0,1,0,0,0,0,1,1,0,0,0,1,0,0,0,0,0,1
127,tpbbkn0u2e61qcftpbbuypon1j1s88lj,0,0,0,0,0,0,1,1,1,0,1,1,1,0,0,1,0,0,0,0,0,0,1,0,0,1
128,d87u3q50a9i9zyyi3d87u7eccekrzaes,1,1,0,1,0,1,1,1,0,1,0,1,1,1,1,0,0,1,0,0,0,0,0,0,0,1
129,drrytt12z3cimqvdrryeet7bgnodrz3n,0,1,0,1,0,1,0,1,0,0,0,1,1,1,1,1,0,0,0,0,0,0,1,1,0,1
130,h2ldz7h6jkifkjw5z2h2ldz0ahzx56q2,1,0,0,1,0,0,1,1,0,0,1,1,1,1,1,0,1,0,0,0,1,1,0,0,0,1
131,14jaf820q1q36ra4r0a314jax48zecyz,0,1,0,0,0,1,0,1,1,1,1,1,1,1,1,1,0,0,1,0,0,1,0,0,1,1
132,l0sl1mu3y7f23s3jbn2el0sl1muv60zs,1,1,0,1,0,1,1,1,1,0,1,1,1,1,1,1,1,0,0,1,1,0,1,0,1,0
133,5yblti8k2tvno5xx65ybltit4v7kfsm9,1,0,0,0,0,1,1,1,0,1,0,1,1,1,1,0,0,0,0,0,0,0,0,0,0,1
134,rjkbqppx34sc7rwtrjkbfu14hqs6mdvg,0,0,0,0,0,1,0,1,0,1,1,1,1,1,1,1,1,1,0,1,0,0,1,0,0,1
135,q0lp5x4f845fgq0lpp3al41fs7zxp3ip,0,0,0,0,0,1,1,1,0,0,1,1,1,1,1,0,1,1,1,1,0,0,0,0,1,0
136,xtnawa2ych2et3w6qgyj4xtnawadudx9,0,0,0,0,0,0,0,0,1,0,0,1,1,1,1,1,0,0,0,0,0,1,0,1,0,0
137,gfllj6kyn1k9ay605k5zgfllj1api4bm,0,0,0,1,0,0,0,0,1,0,0,0,1,1,0,0,0,0,0,0,0,1,0,0,1,0
138,1uphm1snpzpujkz1uphwvme1j9ag752h,0,1,0,0,0,0,0,1,0,0,0,0,0,0,0,1,0,0,1,1,0,0,0,0,1,1
139,42ro88xy523rxtopg42rotsdcbv00yos,0,1,0,1,0,0,1,0,1,1,1,1,1,1,1,1,1,1,0,0,0,1,1,1,1,0
140,uy51ns979wxrexm5jjlxuy51nkhix02j,0,1,1,0,1,1,1,1,0,0,0,1,1,1,1,1,0,0,0,1,1,1,1,1,0,1
141,ex3cichvlwdlbm5prex3cicy4m3q3fq3,1,0,0,1,0,0,1,1,0,0,0,1,1,1,1,0,0,1,1,0,1,0,0,0,0,1
142,8hlksnd8h6a8b6d5cdh8hlksni5xy1qj,0,1,0,0,0,0,0,1,0,0,0,1,1,1,1,1,0,1,1,0,0,0,1,0,0,0
143,4mlfacdwagqqgm67z4mlfhzlxvikzq1m,0,1,0,0,0,0,1,1,1,0,0,1,1,1,1,0,1,1,0,0,1,1,0,1,0,0
144,fjdge5mb86fmly52sfjdgf6bfavti1gm,0,0,1,0,0,0,1,0,1,0,0,0,0,0,0,0,1,1,0,0,0,0,0,1,1,0
145,gkjdkov72ktygdbxxagkjdk21x90judn,0,0,0,0,0,0,0,1,0,0,0,1,1,1,1,1,0,1,0,0,0,0,0,0,0,1
146,9gltub2x3dk18dsxwkxg9gltu1hnsd65,1,0,0,0,1,1,0,0,1,1,0,1,1,1,1,1,0,1,0,0,0,0,1,0,0,0
147,tng1tgsvtf9hgy7n8xt7w5fdtng1t123,0,1,1,0,0,1,0,1,0,0,0,1,1,1,0,1,1,0,0,0,0,1,0,0,0,1
148,eiph1zrugal5vyioteiph1z1f3slp871,0,0,0,1,1,0,0,1,0,1,0,0,1,0,1,1,0,0,0,0,1,1,0,0,0,0
149,ac57nvihag807xf53517acgs4osiiagd,0,1,0,0,1,1,1,1,0,1,1,1,1,1,1,1,0,0,0,0,1,0,1,0,0,1
150,fydrflf7j3vufrhocxfydrof75f5tbpf,1,0,0,1,0,0,0,1,0,1,0,1,1,1,1,1,0,1,0,0,1,1,1,1,0,1
151,qcvcsthdklsn79hjczfqcvcqycmf24rj,0,0,0,0,0,1,0,0,0,0,0,1,0,0,0,1,0,1,1,0,0,1,0,0,0,0
152,2hp9ozgha9hbvs5o2of2hp9ozgy1966j,1,0,0,0,0,0,0,0,1,0,0,1,1,1,1,1,1,0,1,1,1,0,0,0,1,0
153,oqnwstozjnzn68dz9swoqnwsm4r3up3k,0,0,0,0,0,0,0,1,0,0,0,1,0,0,1,1,0,0,0,0,0,1,1,0,0,0
154,m2lqmxlmmu681cc2mr4gm2lqmxl4bd9r,0,0,0,0,0,0,0,1,0,0,0,0,0,0,1,0,0,0,0,0,0,0,0,0,1,0
155,30zy0rvv55ek30zppk54w5c66jvvdxpp,0,0,0,1,0,1,1,0,0,1,0,1,1,1,1,0,1,1,0,0,0,0,0,0,0,1
156,1ucf5407jkc5esynu21ucfq7t5bs3y53,1,1,0,1,0,0,0,0,0,1,1,1,1,1,1,1,1,1,0,1,1,0,1,1,1,1
157,me0t5sbspcy66iorhvhvme0t5s6os1xv,0,0,0,0,1,0,0,0,0,0,0,0,0,1,0,0,0,1,1,1,1,0,0,0,0,1
158,5fzm3gacx0wafwuedibtul5fzm3gam93,0,1,1,0,0,0,0,1,0,0,0,1,1,1,1,0,1,0,0,0,0,0,1,0,0,0
159,44bg372fvwtebk44bg38mc5pumtzfwlm,0,1,0,0,0,0,0,0,1,1,0,1,0,0,0,1,1,0,0,0,1,0,1,0,0,0
160,zvanufp68mh5omfwfik3czvanm87ga61,0,1,1,0,1,1,1,1,0,0,1,1,1,1,1,1,1,1,0,1,1,1,1,1,1,0
161,fnnms5a15jxycpva52bdqefnnms5a1ow,0,1,0,0,0,0,1,1,0,0,1,1,1,1,1,0,0,1,1,1,1,0,0,1,1,1
162,3eowhlxy3nyxog5u3eod8meh0ptsbmir,1,1,1,0,0,1,1,1,1,1,1,1,0,0,0,0,1,1,0,1,1,0,0,0,1,0
163,tyaoccgrunuctyaocgwfch2gjsmg5u7l,1,0,0,0,0,1,1,1,1,0,1,1,1,1,1,1,1,0,0,1,0,0,1,0,0,1
164,05l6oub0uv9icyu2is05l6ojnw00czzd,1,0,0,1,0,0,0,1,1,0,1,1,0,1,0,0,1,1,1,0,1,0,0,1,0,0
165,ko0w240rjz4oj5cxzy3ko0w24oxz3pus,0,0,0,0,0,0,0,0,1,0,1,0,0,0,0,0,1,1,0,1,1,0,1,0,0,0
166,187jevjy6o4ohl50uyglj187jevak67y,0,1,1,1,0,1,0,1,1,1,1,1,1,1,1,1,0,0,0,0,1,1,0,0,1,0
167,nwf63wq78xbi16hjnwf63f9wfs5ns49v,0,1,0,0,0,1,0,1,1,1,0,1,1,1,1,1,1,1,0,0,1,0,1,1,0,1
168,5egi6pd163x7yfwpl4l495egi6p6wn3q,1,0,0,0,0,1,0,0,0,0,0,1,1,1,1,1,0,0,0,0,1,0,0,0,0,0
169,811u27nqhldlzmetfqz811uxlh95en1z,1,1,0,0,0,0,0,0,1,1,0,1,1,1,1,1,0,0,1,0,1,0,1,0,0,1
170,tr9o33ti9j6l0fbadxu0q25p6tr9o33t,0,1,0,0,1,1,0,1,0,1,0,1,1,1,0,0,0,0,0,0,1,0,1,0,0,1
171,jwqper4x3a17h5jugte45jwqpergbc0x,0,1,0,0,0,1,1,1,0,0,1,1,1,1,1,1,0,0,1,1,0,1,1,1,1,0
172,w2alkm9qq0frbmbs8t2gw2alkyleakm0,0,1,0,1,1,1,1,1,1,0,1,1,1,1,1,1,1,1,0,1,1,1,1,0,0,1
173,cssjtb4e1vc7xsnmfncssjtb2yshi01f,1,1,1,1,0,0,0,0,0,0,0,1,1,1,1,1,0,1,0,0,1,0,0,0,0,1
174,gro5yse797clukdxjen5h28gro5yse79,0,0,0,0,0,0,0,1,0,0,0,0,0,0,0,0,1,0,0,0,0,0,0,0,0,0
175,4s0omijvmreia3o21pef14s0omi2nrdb,0,1,0,1,0,0,0,0,1,1,1,1,1,1,1,1,0,0,0,0,0,0,0,0,0,0
176,86f02bs2xfk86f0gg3klve5x05h7j8bg,0,0,0,0,0,1,0,1,0,0,0,1,1,1,1,0,1,1,0,1,1,0,0,0,0,0
177,ne4r11k5ktktz6rpfra43ne4r1tjxupr,0,1,0,0,0,1,0,0,0,0,0,0,1,1,0,0,0,1,0,0,0,1,0,0,1,0
178,e0ydhmcs52k3ecrbwde0ydh2yx6vypvz,1,0,0,0,1,0,1,1,0,1,1,1,1,1,1,1,1,1,0,0,0,0,0,1,0,1
179,vphofd6bpmi7r524xnvphofdohckaxi6,1,1,0,0,0,0,0,1,1,1,0,1,1,1,1,1,1,1,0,0,0,0,1,1,0,0
180,yd6poy8gr9z4mzze6oa0syd6poy8gny9,0,1,0,0,0,0,0,0,0,0,1,1,0,0,0,1,0,0,0,0,1,1,0,0,0,1
181,lchsvtsyjhe809h8lchsjkzzolrubvrh,1,1,0,1,1,1,1,1,1,0,1,1,1,1,1,1,1,1,1,1,1,1,1,0,0,0
182,gukmwrwd1d97dwglot4gukmwrt79h1tz,0,1,0,0,0,0,0,0,1,0,1,1,0,0,0,0,1,1,0,0,0,0,0,0,0,1
183,3fopdt11df56ix6di13fop6qhwe93k4c,1,0,0,1,0,0,0,0,0,0,1,1,1,1,1,1,0,0,0,0,0,0,0,0,0,0
184,xw1jdtyhde6mjzxoxw1j2d96u99j5py5,1,1,0,1,0,0,1,1,0,0,1,1,1,1,1,1,1,1,0,0,1,1,1,1,0,1
185,t3fqzaml96urkq385bt3ji888dwhvkin,1,0,0,1,0,1,1,1,1,1,1,1,0,0,0,0,1,1,0,1,1,0,0,1,0,0
186,cg3rds27l59barcocg326s8qpybyhsro,0,0,1,1,0,0,0,1,0,0,0,1,1,0,0,1,1,1,0,0,0,1,0,0,0,0
187,dehyainlopvbvck95oqdehyaiznhdlhk,0,1,1,1,0,1,1,1,1,1,0,1,1,1,1,1,1,0,0,0,1,1,1,0,0,1
188,03xer8xpwrwms18z47n03xfajodug4xa,0,1,0,0,0,0,1,0,1,0,1,1,1,1,1,0,0,0,0,0,1,1,1,1,0,1
189,x56gqdkaz1l99d7eb4x56gqde5qgnmvf,1,0,0,0,0,1,1,1,0,0,0,1,1,1,1,0,1,1,0,0,1,0,0,0,0,0
190,hpbkvbr3mgek3frmnhpbkv14yvf9tb3t,1,1,0,1,0,1,0,1,1,1,1,1,1,1,1,0,0,0,0,1,1,0,1,1,0,0
191,4ubasrizp5nhtr0au4ubasrivw8hfs8p,1,1,0,1,0,0,0,1,0,0,1,1,1,1,1,1,1,1,0,0,0,0,1,0,1,0
192,62ir2fwhxsjpf62i30dyzp9etfp4wqwg,0,0,0,0,0,1,0,0,1,1,0,1,1,1,1,1,1,0,0,0,1,1,0,0,1,1
193,vfmgui769pwkcxwbp3xpqbvfmgui769z,1,1,0,1,0,1,1,1,0,0,0,0,1,1,1,1,0,1,0,0,1,0,0,0,0,1
194,hpz2otk85gasa52fxuljhpz2otxu7ac2,0,1,0,1,0,1,1,1,0,1,1,1,1,1,1,1,0,1,1,0,0,0,1,0,0,1
195,ljjrc06i0xno0ljj7b6qdxiqhn5jcy2i,0,0,0,0,0,0,0,0,1,0,1,1,1,0,0,0,1,1,0,0,1,0,0,0,1,0
196,u0pea57e8p2y0emy8gwlu0pejcvpnaex,1,1,0,0,0,0,0,0,1,1,1,1,0,0,1,0,1,1,0,0,0,1,0,0,0,0
197,bhpza8xikl927ibi2mbhpza8x3zdst90,0,1,0,0,0,0,0,0,1,1,0,1,1,1,0,1,0,0,1,0,1,0,1,0,0,0
198,l3i49y7ntegnrm3l3i49bmy8dt2irvz8,0,0,0,0,1,0,0,0,1,0,0,0,0,0,0,1,1,1,0,0,0,0,0,0,1,1
199,wao51ny8ynt8dngfbekwxwao51nmtfmy,1,1,0,0,0,1,1,1,1,1,0,1,1,1,1,0,1,0,0,0,1,0,1,1,1,1
200,zrrbfnmp6pz68ebzrrbs2n4g8043amm8,0,0,0,0,0,0,1,0,0,1,1,0,0,0,0,1,1,0,0,0,0,0,0,0,0,0
201,rj5bf930x54o0qzetdf4g6rj5bf93vl3,0,1,0,0,0,0,0,1,0,0,0,1,1,1,1,1,0,1,0,1,1,1,1,0,0,0
202,dn2ahep8trip4dnfago37faydv8sbnfa,0,1,0,1,0,1,1,1,1,1,0,1,1,1,1,0,0,0,0,0,0,0,0,1,0,0
203,o26aevhb4bma59rfp3o26aevh4agjr00,1,1,0,0,1,0,1,1,1,1,1,1,1,1,1,1,1,1,1,0,0,1,1,0,0,0
204,5u7z49u291vw6b5u7zat0kyaxks978vl,1,1,0,0,0,0,1,0,0,1,1,1,1,1,1,1,0,0,1,1,1,0,1,1,1,1
205,kx08b3g88v1nle12skk2kx08b3ggcz5f,0,0,0,1,0,1,0,1,0,0,0,1,1,1,1,0,0,0,1,0,1,0,0,0,0,0
206,ux15emb2osq619gozyux15wlma5xqmh9,0,0,0,1,0,1,1,1,0,0,1,1,1,1,1,1,0,0,0,1,1,0,1,0,1,1
207,q4b4lesqzakfthiyzq4b4l10vri10ksx,0,1,0,0,0,0,1,0,0,0,0,1,1,1,1,0,0,1,0,0,0,0,1,0,0,1
208,jsglqt3zhhut9m33yjsglqtp05hap6p3,0,1,0,1,1,1,1,1,0,0,1,1,1,1,1,1,0,0,0,1,1,0,0,0,0,1
209,prgf48o2kfigb1q2w5mlt3uxprgf48oy,0,0,0,0,0,0,0,0,0,0,0,0,0,0,0,0,1,0,1,0,0,1,0,0,0,0
210,s515c412cv6mtinpyksjs515c4sglexa,0,0,0,0,0,1,0,1,0,0,1,1,1,1,1,1,0,0,0,1,1,0,0,0,1,1
211,63g7vqhgx096l5heyh363g7ij03mn18b,0,0,1,1,0,1,0,1,0,0,0,1,1,1,1,1,0,0,1,1,1,0,0,0,0,1
212,5ioerp09118tr05iopf30n60brb3u1zw,0,0,0,0,0,0,0,0,1,0,1,0,0,1,0,1,0,0,1,1,1,0,0,1,0,0
213,66zpsdcubt3igdgp7d9066zpsdcu1f5c,0,0,0,0,1,0,0,0,0,0,0,1,1,0,1,1,1,1,1,0,1,1,1,0,0,0
214,yg9jklc320jvvf2hxjyg9jkuq4m2w5ct,1,1,1,0,1,1,1,1,0,0,1,1,1,1,1,1,0,1,0,1,1,0,0,1,0,1
215,qh5mb9zzngtw8o1ppef3qh5md52dwtkf,0,0,0,1,0,1,1,1,0,0,0,1,1,1,1,1,0,0,0,0,1,0,0,0,0,0
216,7qj4blv908efmp9bqb7qj4b48brnotnd,0,0,0,0,0,0,0,1,0,0,0,1,1,1,1,1,0,1,0,1,1,1,1,0,0,1
217,swsch2spausnzasrxnswscegemhs6ww9,1,0,0,1,0,0,0,1,1,0,0,1,1,1,1,0,0,0,0,0,0,0,0,0,0,0
218,xn8f3idaglj13qnsyxn8f3d9zj3wxxy7,1,0,0,1,0,1,0,1,0,1,0,1,1,1,1,1,0,0,0,0,1,0,1,0,0,0
219,dv8g8qc2plftrubdv8g8q4fb05bjmc35,0,0,1,1,0,0,0,1,0,1,0,1,1,0,0,0,1,0,0,0,0,0,0,0,0,1
220,ahzr1pi6wk2jnjmahzretuxgrj67r689,0,1,0,0,1,0,0,1,0,1,1,1,1,1,1,0,1,0,0,0,1,1,0,0,0,0
221,gmncy9gt7jmuewgm141s3tm3frcesx91,1,0,0,0,0,0,0,1,0,0,1,1,1,1,1,0,0,0,0,0,0,0,0,0,0,1
222,atttlknvtc7ygqbtnncatttlknohunla,0,1,0,1,0,1,0,1,0,1,0,0,1,1,1,0,1,0,0,0,0,1,0,0,1,0
223,r23mc9hbfqk137lf4nr23mcblalwk2gc,1,1,0,0,0,1,1,1,0,0,0,1,1,1,1,1,0,0,0,0,1,0,0,0,0,1
224,5ax053xllekco0y8us5ax059ckezixgu,1,1,0,0,0,1,1,1,1,0,0,1,1,1,1,1,1,0,0,0,1,1,1,0,0,1
225,skldsrngcvolejgrskldsrngrxspx1i8,0,1,0,0,0,0,0,1,0,0,0,1,1,1,1,1,0,1,0,1,1,1,1,0,0,0
226,dgq7x6k4fk7728dgq7dx2xeiy5a4jf2y,0,1,0,1,0,0,0,1,0,0,0,1,1,0,1,1,0,1,1,0,0,1,0,0,0,1
227,x2yjxxxe51jwlmvodx2yj2luww7hx1pt,0,0,0,1,0,0,0,1,0,0,1,1,1,1,1,0,0,1,0,0,1,1,1,1,0,1
228,p2h4tik8sz5lvbp2h4tafgkrq0ko99wh,1,0,0,1,0,1,1,1,0,1,0,1,1,1,1,1,0,1,0,1,0,0,1,0,1,1
229,p952ams1in4371gp952lnir6o5grg75w,0,0,0,0,0,1,0,1,0,0,0,1,1,1,1,1,0,0,0,0,0,0,0,0,0,1
230,xos6v5exjxrcg5ixos6v0p384g54nemz,0,0,0,0,0,0,0,1,0,0,0,1,1,1,1,1,0,0,0,1,0,1,0,0,1,0
231,tc4hvttmpl7b51mjtci6bnb88pewbccs,0,0,1,1,0,0,1,1,0,1,0,1,1,1,1,0,1,0,0,0,1,1,0,1,0,0
232,gke7cj76iuazrm7gmu0kjfa1gke7cj76,0,1,0,0,0,0,0,1,0,0,1,1,1,1,1,0,0,0,0,0,0,1,1,0,0,0
233,by27uapc7t1oby27w7mkze47cy1zhktk,1,0,0,1,0,0,1,1,0,1,0,1,1,1,1,0,1,1,0,0,1,0,0,1,1,1
234,1b8m5gxmwxqri4ga8eh1b8m5gxmlbll0,0,1,0,0,0,0,1,0,0,0,0,0,0,0,1,0,1,1,0,1,0,1,0,0,1,1
235,ha3ouxnip27szhha3ou1ykq4wpu4pdzx,0,1,0,0,0,1,0,1,0,1,1,1,1,1,1,0,1,1,0,0,0,0,0,0,0,0
236,p2fjk0yer6f5jndkohlp2fjpqxf576l7,0,1,0,1,0,0,0,0,0,0,0,1,1,1,1,0,0,0,1,1,0,0,1,0,0,0
237,w1gz9zj6njjbyebw1gzswg8opcd9gdyj,0,1,0,0,0,0,0,0,0,0,0,0,0,0,0,0,0,0,0,0,0,0,0,0,0,1
238,ctkkoboa7b3frja3qcmraj7pctkkoj47,1,1,0,1,0,0,1,1,0,0,1,1,1,1,1,0,0,0,0,1,1,0,1,0,1,1
239,ggq3gq9o4plw86ggq3gq6zf2g5wsdzzy,0,0,0,0,0,0,0,0,1,1,0,1,1,0,0,0,0,0,1,0,0,0,1,0,0,0
240,3z5vinpj1dkst4vkq3z5vin4ov4ahygn,0,0,0,1,0,1,1,0,1,1,0,1,1,1,1,0,1,1,0,0,1,0,0,1,0,1
241,q22bfr1j1bmm2j1x2nr2z1q22br8g9z3,0,1,0,0,1,1,1,1,0,0,1,1,1,1,1,1,1,1,0,0,0,0,1,1,0,0
242,ue26bkoy3o3d0yywle8ue26bx7u6x7yn,1,1,0,1,0,1,0,1,0,1,0,1,1,1,1,1,0,0,0,0,0,1,0,0,0,1
243,g3c2zfn38u5ms5b4d7g3c2zjq9l38r8a,1,1,0,1,0,0,1,1,0,0,0,1,1,1,1,1,0,0,0,1,0,0,1,0,0,1
244,th06cvtzcgt6qgl2v524th06cvtlgk5t,1,0,0,1,0,1,1,1,1,1,1,1,1,1,1,0,1,1,0,0,1,0,0,0,1,1
245,xx8pqzml8uuhtxxx8pns8t95d93t2jrr,0,1,0,0,0,1,0,1,1,1,0,1,0,0,0,0,1,0,0,0,0,0,0,0,0,1
246,8o3tbgn8o3tgac4es4z3ctgga6ftc3lm,1,1,0,0,0,0,1,0,1,0,1,1,1,1,1,1,1,1,1,0,0,0,1,0,1,0
247,pgtffasz2ufermxfrpgtffasc9857d2k,0,0,0,0,0,0,0,1,0,1,1,1,1,1,1,1,1,0,1,1,1,0,0,0,0,0
248,bqno2vitsl3l6i71kam2j6bqnowxl3ph,1,1,1,1,0,1,1,1,0,1,0,1,1,1,1,0,0,0,1,0,1,0,1,0,1,0
249,qh8zwz55hohonsdhea5a72rqh8zwzbab,0,0,1,1,0,0,0,1,0,1,1,0,0,1,0,0,0,1,0,0,1,1,1,1,0,0
250,13j638fc6t78s1o8tib13jiyrudg4npv,1,1,1,1,0,1,1,1,0,1,1,1,1,1,1,1,0,0,0,1,1,0,1,1,0,1
251,rr94blkvc4prbrrr946heyk296aylnl3,0,1,0,0,0,0,0,0,1,0,1,0,0,1,0,0,1,1,0,0,1,0,1,0,0,0
252,nbi57gpltyvnf0bmnwwkanbi57gp9ncl,0,1,0,0,0,0,1,0,1,0,0,0,1,0,0,0,1,1,0,0,0,1,0,0,0,0
253,t00noleb2fspgemct00noyt1urxhqglg,0,1,0,1,0,1,1,1,0,0,0,1,1,1,1,1,0,0,0,0,0,0,1,0,1,0
254,ocrp2htfp8iwge4jocrpxcest46wnbf4,0,0,0,0,0,0,1,1,1,0,1,1,1,1,1,0,1,1,0,1,1,0,0,0,0,0
255,z8xuyb35ww9hqr6myvy1jbz8xuyb3yx2,0,0,0,1,0,0,1,1,0,0,0,1,1,1,1,0,0,1,0,0,1,0,0,1,0,1
256,0k234khho6b9h0k234wz1hpd8srcr8u3,0,1,0,0,0,1,1,1,0,0,1,1,1,1,1,1,1,0,1,1,0,0,1,0,1,1
257,c058rtxgd3v19xb5hc05aqj6tq3athne,0,0,1,1,0,1,1,1,0,1,0,1,1,1,1,1,1,0,0,0,1,0,1,1,0,0
258,znb57r80h8jex5vytznb57ke5k6320jv,1,1,0,1,0,0,0,1,0,1,0,1,1,1,1,0,0,0,0,0,1,1,0,0,0,0
259,n168txxpxgxnoyt7uyyn16ejl5pql8z0,0,1,0,0,1,0,0,0,0,0,0,1,1,0,1,1,0,0,0,0,1,0,1,0,0,1
260,zp0p6pe3ycocyxm0tcz2rzp0p6p6ceft,0,1,0,0,0,1,1,1,1,1,0,1,1,1,1,1,0,0,0,1,1,1,0,0,0,1
261,eq70rw4x5ltwje8ijeq701kqf1q43hkk,0,0,0,1,0,0,0,0,0,1,0,1,1,1,1,1,0,1,0,0,1,0,0,0,1,0
262,w9mcsdbvxpopbooiuw9mbx8aex5kd8s1,0,1,0,0,0,1,1,1,0,0,0,1,1,1,1,1,0,1,0,0,0,0,0,0,0,0
263,9638b8snsyh6mww5h4s9638b10yewznh,0,0,1,1,0,1,1,1,1,0,0,1,0,1,0,0,1,1,0,1,1,0,0,0,0,0
264,jo4dhidup0vvpseytjo4dh9u4wrj53br,0,0,0,0,0,0,0,1,1,1,0,1,1,0,0,0,1,1,1,0,1,0,0,0,1,0
265,gtsimw4km5sxreatahgtsiixrscbr6c9,0,1,0,0,0,0,1,1,1,1,0,1,1,1,1,1,0,0,0,1,0,0,1,0,0,0
266,56if1jphuckd79qv56if7er24j4pktip,0,0,0,1,0,0,0,0,0,0,0,0,0,0,0,0,0,0,0,0,0,0,0,0,1,1
267,nj7d9qffec7cfu7bzmonj7d9qf9bs6ov,1,1,0,0,0,0,0,1,0,0,0,0,1,0,0,0,1,1,0,0,0,0,0,0,1,1
268,499ckj5zl6cjt3w499cyx92yt4n3l9e6,0,1,0,0,0,1,1,1,1,1,0,1,1,1,1,0,1,0,0,0,0,1,0,0,0,0
269,pwuld6ww39v3cfcbqpwuldbqs54f7z9m,0,0,0,1,0,1,1,1,0,0,1,1,1,1,1,1,0,1,0,0,0,1,0,0,0,0
270,ack1p5jnuxvng12gack1zh9ohssdm0gl,1,1,1,1,1,1,1,0,0,0,0,1,1,1,1,1,0,1,0,1,1,1,0,0,0,0
271,31oy66n40ylx8l7aa31oy5w2wufzxxbx,0,0,0,0,0,1,1,0,0,0,0,1,1,1,1,1,0,0,1,0,0,0,0,0,0,0
272,3f9acwg9shzyzzxky7shq3f9acw26mff,1,1,0,1,0,1,0,0,0,0,0,1,1,1,1,1,0,1,0,0,1,0,1,0,0,0
273,iy95873i3m26ip9srj1oiy95870a4qib,1,1,1,1,0,1,1,1,1,1,1,1,1,1,1,1,1,0,0,0,1,0,0,1,1,1
274,mi3tz4sqgxygg0qokbjyzjmi3tzbyfaq,0,1,0,0,0,0,1,1,1,0,1,1,0,1,0,0,1,1,0,0,0,0,0,1,1,0
275,drnd31oc8m03xe4mdrnd34we91hwktg8,1,1,0,1,0,1,1,1,1,1,0,1,1,1,1,1,0,0,0,0,1,1,0,0,0,1
276,trlz3yrnioswtru672ghl22dcihx7u67,0,1,0,0,0,1,0,0,0,1,0,1,1,1,1,1,1,1,0,0,0,0,1,1,1,0
277,ijiihi90rpwddlt93t1dijiihiuzp44k,1,1,0,0,0,1,0,1,1,0,1,1,1,1,1,1,0,0,0,1,1,1,1,0,0,1
278,ni7oh3j6pmxb24jgbini7oh354nha962,1,0,0,0,0,0,0,1,1,1,1,1,1,0,0,0,0,0,1,0,0,1,0,0,1,0
279,1otw1ppzaqy0y911otwjclaykxo8c299,1,1,0,1,0,1,1,1,0,1,1,1,1,1,1,1,0,0,0,0,0,0,0,0,0,0
280,oly8zaigk2x0zll8ipyoly8zaig72mdn,0,1,0,0,1,0,0,1,1,1,1,1,1,1,1,0,1,1,0,0,1,1,1,0,1,0
281,5ttwqotja6z0t103syi5ttwqpoyv4bq7,0,1,0,0,0,1,1,1,1,1,0,1,1,1,1,1,1,1,1,0,0,0,1,0,0,0
282,5l0wp8rzh9q5h2s0qbc6j765l0wp8rss,1,1,0,0,0,1,1,1,1,0,1,1,1,1,1,1,1,1,0,1,1,0,1,0,1,0
283,o4oz5okfub27deenowpo4oz5okffzmug,1,1,0,1,0,1,1,1,0,1,0,1,1,1,1,1,0,0,1,0,0,0,0,0,0,1
284,3ui3fr27ecv320a7bh3ui3frdpvu4a64,0,0,0,0,0,0,1,1,0,0,1,1,1,1,1,1,0,0,0,1,0,0,0,0,1,1
285,u9yj2j04fxwi278450t8u9yj2j3d57in,0,0,0,1,0,1,0,1,0,0,1,1,1,1,1,1,1,1,0,0,1,0,1,0,0,1
286,7263ef594w2yapi72630belkb17p84od,1,1,0,1,0,0,0,0,1,1,1,1,1,1,0,0,1,1,0,0,0,0,0,0,0,0
287,ocdfigspi1l5s2mzjocdfigsow1s9pvk,0,1,0,0,0,0,1,1,1,1,0,1,1,1,1,0,1,1,0,0,0,1,0,0,1,1
288,was5ep7yxkg58zamdwas5e3wusnembuf,0,0,0,0,0,0,0,0,0,1,0,1,1,1,1,1,0,1,0,0,1,0,1,0,0,1
289,fxkihhs364a61i83hufxkihhwbtb5nld,0,1,1,1,0,1,0,1,0,1,0,1,1,1,1,1,0,1,0,0,0,0,1,1,1,0
290,rayqhjw1pz5ra7129m30rn3q4xssz712,0,1,0,0,0,1,0,0,1,0,1,1,0,0,1,0,1,1,0,0,1,0,0,0,0,0
291,rz0akul2i4impitb804bfjn4rz0akubg,0,0,0,0,0,0,0,0,1,0,0,0,0,0,0,1,0,1,1,0,0,0,0,0,0,0
292,hkt8bausup2a3ouaqdrjg6hkt8lmo36p,0,0,0,0,1,0,0,1,0,0,0,1,1,1,1,0,0,1,1,1,1,0,0,0,0,0
293,sbn64sqqruo82t9x3p00h8sbn640cbe7,1,1,1,0,0,1,1,0,0,0,1,1,1,1,1,1,0,1,0,1,1,0,1,0,1,0
294,xpn56qsxjvctdrhoy0mxpn56m57qjuqj,1,0,0,0,0,0,1,0,1,1,1,1,0,0,0,0,1,1,0,0,0,0,0,0,0,1
295,1p1j2tn02k6nlwokqdmt1p1j2j6d5v8t,0,1,0,0,0,1,1,1,1,1,0,1,1,1,1,0,0,1,0,1,1,0,0,0,0,1
296,u9slr80r1wpgw011sju9slrn0mhdrjfq,0,1,1,0,0,0,0,1,0,1,1,1,1,1,1,0,1,1,0,1,0,0,1,0,0,0
297,jb03tyyzxssucc5mcgpjbjvdt6s9w3cw,1,1,0,0,0,1,1,1,0,1,0,1,1,1,1,0,0,0,0,1,0,0,0,0,0,0
298,yzwax6ks8s372sdjnyzwaxh82zrk84ew,0,1,0,0,0,1,0,0,0,1,0,1,1,1,1,1,0,1,0,0,0,0,0,1,0,1
299,u1hfd1sk6wjoe5ltu1hfuke4sbfh3rah,0,1,0,0,0,0,0,0,1,1,1,1,0,1,1,0,0,0,0,1,0,0,1,0,0,0
300,lj2n9ve6zsfl7yedelj2n9vn8swgotp6,0,0,0,0,0,1,1,1,1,1,0,1,1,1,1,0,0,1,0,1,0,0,0,1,1,1
301,onlvc694knacc2a62qonlvc69zi21itt,1,0,1,0,0,0,1,1,0,0,1,1,1,1,1,0,1,1,0,1,0,0,0,1,1,0
302,zhav22agndjo1zhavn6j501tox2o2hyn,0,0,0,0,1,0,0,1,0,0,1,1,1,1,1,1,1,0,0,0,0,0,0,0,0,0
303,hc94ajdvv78nr4wrhclykycqy1qhbvwx,0,1,0,1,0,0,0,0,0,1,1,1,1,1,1,1,0,1,0,0,1,0,0,0,0,0
304,5vym4mdp3x296yd55vym4mdactemijpo,0,1,0,1,1,1,0,1,0,0,0,1,1,1,1,1,0,1,0,1,1,0,1,1,1,0
305,euxqzwcyrmb4fv5g3a5g57reuxqzwciq,1,1,1,1,0,0,1,1,0,0,1,1,1,1,1,1,0,1,1,1,1,0,1,0,0,1
306,er0sut216f5z9f2pcgdbsoker0sut2to,0,1,0,0,0,0,0,1,1,0,0,1,1,1,1,0,0,1,0,0,0,1,0,0,0,0
307,dcyal0gos4idcynfegav2vowoqzwb0nf,0,1,0,0,0,1,0,1,0,0,1,1,1,1,1,1,1,0,0,0,0,0,0,0,0,0
308,mdw8u5ktwl4jxnpu3mdw828omu8tjunz,1,1,0,0,0,1,1,1,0,0,0,1,1,1,0,1,1,1,0,1,0,0,0,1,0,0
309,dn5x85o9e5s6v4k59uds9ndn5x851p4c,0,1,1,1,0,0,0,0,1,0,1,0,0,0,0,0,1,1,0,1,1,1,0,0,0,0
310,hlofoo1gnmwvw9gihlofootf2c433br4,0,0,0,1,0,0,0,1,0,1,0,1,1,1,1,0,0,0,0,1,0,0,0,0,0,0
311,lvvqpv099n5vdgshhk6k9lvvqpv82ato,0,1,0,1,0,1,0,1,0,1,1,1,1,1,0,1,0,1,0,0,0,0,0,0,0,0
312,wb2rfnksm9l5y93m7wb2rfn0nkqbsf71,0,1,0,1,0,1,0,1,0,1,1,1,1,1,1,1,0,1,0,0,0,0,0,0,0,0
313,6bqygpgd5jtlfpt4n6bqaf3fnoduxer7,1,1,0,1,1,1,1,1,0,1,1,1,1,1,1,1,1,0,0,1,1,0,0,0,1,1
314,r1n1pj8c2tclj33ber1n1c7wgwj367k0,0,1,0,0,0,1,0,1,0,0,1,1,1,1,1,0,0,0,1,1,0,1,0,1,0,1
315,kyhqkg3sebkohhnftpkyhqkeux83wxnu,1,0,0,1,0,1,0,1,1,0,0,1,1,1,1,1,0,0,0,0,1,1,0,0,0,0
316,73xfy8xk0151539w4kv7k3q73xfy8mbb,0,0,0,1,0,0,0,1,1,1,0,1,1,1,1,0,1,0,0,0,1,0,0,1,1,0
317,orv0dk1b0tw0prg77g7orvk7y8ik5cdr,1,1,0,1,0,0,0,1,1,1,0,1,1,1,1,0,1,0,0,1,1,0,1,0,1,0
318,jbu98b4o2s4ag10yvwjbu98b4igbedqp,0,1,0,0,0,0,0,1,0,1,0,0,0,1,0,0,0,0,1,1,0,1,0,1,0,0
319,41y05gwa6d05kvnex41y0sy6gsyqvv1w,0,1,0,1,0,0,0,1,0,1,1,1,1,1,1,1,0,1,0,1,0,0,0,0,1,1
320,lq1y5yafsuvvg49uu1rlq1y5yq93hn5i,0,1,1,0,0,0,0,1,1,0,1,1,1,1,1,0,1,1,1,0,0,0,0,0,0,1
321,7xx4m668988sqq9rjk7xx4mf2kdn983o,0,1,0,0,1,0,1,0,1,1,1,1,0,0,0,1,1,0,0,0,0,0,0,0,0,0
322,rann316ephkgqyp3ranne7htswumz299,0,0,0,0,0,0,1,1,1,0,1,1,1,0,0,0,1,1,0,0,0,0,0,0,0,1
323,0b8e0qqpn6jhq0xy8za0b8e0qw0kkgd9,1,1,0,1,0,1,1,1,1,1,1,1,1,1,1,1,0,0,0,0,0,1,0,0,0,1
324,ykyysc9wv6cva6ul5srykyyscab6cff6,0,1,0,1,0,1,1,1,0,0,0,1,1,0,1,1,1,1,0,0,1,0,0,0,0,0
325,s4t11b0ua540bg1qcx70ns4t11b0u8o7,1,1,0,0,0,1,1,1,0,1,0,1,1,1,1,1,1,1,0,1,0,0,0,0,1,1
326,zeovpwn5umbm7zvxzeovp6p2csi81frc,1,0,0,1,0,0,1,1,0,0,0,1,1,1,1,1,0,1,0,0,0,0,0,0,0,1
327,umz9ulyxpwzhp4e3q6t1fumz9ulyi6tt,0,1,0,0,0,0,1,1,1,0,1,1,1,1,1,1,0,0,1,0,0,1,0,0,0,1
328,n5mkklp55cke9kkpjn5mkk35oit8htru,1,0,0,0,1,1,0,1,0,1,1,1,1,1,1,1,0,1,0,1,1,0,0,1,1,1
329,jsv5mq1km1877o9nazjsv5mqwdinik4e,0,0,0,1,0,0,0,1,1,0,1,1,0,0,0,0,1,1,0,0,0,0,0,0,0,0
330,7cd5cl7r9udhn4vqw07cd5c8uhen8nur,1,1,0,0,0,0,1,1,1,1,0,1,1,1,1,1,0,1,0,0,1,1,0,1,1,0
331,tpyt6ju2d1x8hgtpytzvths9ksar4uaw,1,1,1,0,0,1,1,1,1,1,1,1,1,1,1,0,0,0,0,1,1,0,0,0,0,0
332,j3mbi1qa3f9hega9oj3mbfwcajsoyoo5,0,1,0,0,0,0,1,1,0,1,0,0,1,0,0,0,1,0,0,0,0,0,0,0,0,1
333,a8zix8ws3nem4td5wdza8zix6emhaibg,0,0,1,1,0,0,1,1,0,1,0,1,1,1,1,0,0,0,0,0,0,0,0,0,0,0
334,8i4l2cpq0pg2v9ftr38i4l2cocvivcoa,1,0,0,1,0,0,0,1,0,0,0,1,1,1,1,1,0,0,0,0,0,0,0,1,0,0
335,bauv6igdp8u1ymypebauv681s7p1fo5s,1,0,0,1,0,0,1,0,0,0,0,1,0,1,0,1,0,0,0,0,0,0,0,0,0,0
336,sxbzvpy8t3bgvggyrxsxbz3o7hf4dq6u,1,1,0,0,0,0,0,0,1,0,1,1,0,0,0,0,1,1,0,0,0,0,1,0,0,0
337,dbzfi5z0e60oa7cseg9udbzfi5zi7hoh,0,1,0,0,0,0,1,0,0,0,0,1,1,1,1,0,0,1,0,1,0,1,1,0,0,0
338,jbexnxwa8sxidivjbezxrdw9neyv3vky,0,1,0,0,0,0,0,1,0,0,0,1,1,1,1,1,1,1,0,0,0,0,0,0,1,0
339,bfagvkodjtyq2ybfvbeqkbfagvkoa74p,1,1,0,1,0,1,1,1,0,0,1,1,1,1,1,1,0,0,0,0,1,0,0,0,0,1
340,r0216835cfrrz25ag2qr02168r27158c,0,1,0,0,0,0,0,0,0,1,1,1,1,1,0,0,1,1,1,0,1,0,1,1,0,1
341,you3t8e0by7vhs2nyoun5yw72tsmglcw,0,0,0,0,0,0,0,0,0,0,0,1,0,0,0,0,0,1,0,1,1,0,0,1,0,0
342,35l1x29g4pupadqqim4rg35l1x2tfymc,1,1,0,0,1,0,0,1,1,1,0,1,1,1,1,0,0,0,0,0,1,0,0,1,0,1
343,n4iixbxkcypdn4iij784urw2e0mcoea7,1,1,0,0,0,1,1,1,0,0,0,1,1,1,1,1,0,0,0,1,1,0,1,1,0,1
344,cjo9z2pczpp4zwwsqwffbcjo9z2pcrm5,0,0,0,0,1,0,0,1,1,1,0,1,1,0,0,0,0,0,0,0,0,1,0,0,0,0
345,ku1hsekchmbvzkuanoe1spy1weh9zrbn,1,0,0,0,0,1,0,1,0,0,0,1,1,1,1,1,0,1,1,0,1,0,1,1,0,0
346,6ndiwwsi2of7hb69o6ndin0pqyehzk7e,0,0,1,0,1,0,0,1,0,0,0,1,0,0,0,0,0,0,0,0,1,0,0,0,0,0
347,83v15uckleiiglwo83v154wnvd7g9ujx,1,1,0,0,0,0,1,1,1,1,1,1,1,1,1,0,1,1,0,1,1,0,1,1,0,1
348,jc8x4jb1wpv6y1nqf3bqo9jc8x4mjzqg,1,1,0,0,0,1,0,1,1,0,1,1,0,0,0,0,1,1,0,0,1,0,0,0,0,0
349,4d5aba0ldmv7hgqm76b4d5abxhtrmu20,1,0,0,1,0,0,1,1,0,0,0,1,1,1,1,1,0,1,0,0,0,1,0,0,0,0
350,d78y1uffqocmh6wts0b8syd78y14xcmc,0,1,1,0,1,1,1,1,1,1,0,1,1,1,1,0,0,0,1,1,1,0,0,0,0,0
351,8f79fuc3bh7p20o8t9pfr8f79fuc4r40,1,0,0,0,0,0,1,1,1,1,0,1,1,1,1,0,0,1,0,1,0,0,0,0,0,1
352,kwmlvx3h55bawgoaa6kwmlvxkwa2ed10,0,0,0,1,0,0,1,1,0,0,1,1,1,1,1,0,1,1,0,1,1,1,1,0,0,0
353,ya3ruwg4uh8z3zya3r7sx8jpbnz56gwx,1,1,1,0,1,0,0,1,1,1,0,1,1,1,1,0,0,0,1,0,0,0,1,0,0,1
354,avcfkg6crea633dknavcfkwocr6kn0h1,0,0,1,0,0,0,0,1,1,1,0,1,1,1,1,1,0,0,1,1,1,0,1,1,0,0
355,os6v72d3ed2io67qgjos6v72gfw6ru61,0,1,0,0,0,1,1,1,1,0,1,1,1,1,0,1,1,1,0,0,0,0,0,0,0,0
356,i6d2jz6egmjv4f9ge0i6db30pazczbj5,1,1,0,1,0,0,0,1,0,0,0,1,1,1,1,1,0,1,0,0,0,0,0,0,0,0
357,j4o64z93a6in7x2isj4o643d5yxz4xj1,1,1,1,0,0,0,1,0,0,0,1,1,1,1,1,1,0,1,0,0,0,1,1,0,1,0
358,egn372q9qa7mre5htegn3770rzjr3aw6,0,0,0,0,1,0,0,0,0,0,0,0,0,1,1,1,0,1,1,0,0,0,1,0,1,0
359,7qj477rupz3qt8f1v7qj477ro6p6qucz,0,1,0,0,0,0,0,1,0,0,0,1,1,0,1,0,1,0,0,0,1,0,1,0,0,1
360,cio7fwsd78beklavycio7c2af7ttjtcz,1,1,0,0,0,0,0,0,0,1,1,0,0,1,0,0,1,0,1,0,0,0,0,0,0,1
361,up1s22n39gdp4vm3up1sfs02kfvg55jo,0,1,0,0,0,0,0,1,0,1,1,1,1,1,1,0,1,0,0,0,1,0,0,1,0,0
362,pjqximdfunuvf8p8d5sdpjqxx540ullr,0,1,0,0,0,0,0,1,1,0,1,1,1,1,1,0,0,0,0,1,0,0,1,0,0,0
363,3v1vga8e9sn5p4h8g3v1vgo5zkasi2sh,0,0,1,1,0,0,0,1,1,0,0,1,1,1,1,0,1,1,1,1,1,0,1,0,0,1
364,wg4swri7z0dh3lrdvwg4sw2i5a8ii1pw,0,0,0,0,1,0,1,0,1,0,1,1,0,0,0,0,1,1,0,0,0,0,0,0,0,0
365,17e6zo2imvw3k17epzifqjkd67haykuj,0,0,0,0,0,0,0,1,0,0,1,1,1,1,1,1,0,0,0,0,1,1,1,1,0,1
366,q7es9cjn387xxnin4qq7es9cjer5xuqj,1,1,0,0,0,1,1,1,0,0,0,1,1,1,1,1,1,1,0,1,1,0,1,0,0,0
367,rdlby7kipu97v5vrdlbyvueh2muo2zrt,0,0,0,0,0,0,1,1,0,0,0,0,1,1,1,0,1,0,0,0,0,0,0,0,1,0
368,9svvu9p4q10a9uier9v9svvu9pprflv7,0,0,1,1,0,0,0,1,1,1,1,1,1,1,1,1,1,1,1,1,0,0,0,0,0,1
369,8z87vpue2gukb5f9xpt918z87vpukowf,0,1,0,1,0,1,1,1,0,1,0,1,1,1,1,1,0,0,1,0,0,1,0,0,0,1
370,zf0vrvhcno3tcnozf0mrd3hmgqts0xbu,0,0,0,0,0,0,0,1,1,1,0,1,1,1,1,1,0,0,0,1,1,0,1,0,0,0
371,gu2ablcbzqwirkorbx5hgu2ablcv2zkn,1,1,1,1,0,0,0,1,1,0,1,1,1,1,0,0,1,1,0,1,1,0,0,0,0,0
372,cnk2hu5osc1gq04xcnk2hu51tfdny512,1,0,0,0,0,0,0,1,1,1,0,1,1,1,1,1,0,0,1,1,0,0,1,0,0,0
373,wfdkm2v0yem7sakqrfud6owfdkm2m6nk,0,1,1,0,1,1,1,0,1,0,1,1,0,1,0,1,1,1,0,1,0,0,0,1,1,1
374,0qm5z2p4tuj0oplavxr0qm5zhv0y85lz,0,0,0,0,0,0,0,0,0,0,1,1,1,1,1,0,1,0,0,0,0,0,0,0,0,1
375,4jazeieyf2l57p34jazeunknatt00ws0,0,0,0,0,0,0,1,1,1,1,0,1,1,1,1,1,1,1,0,0,0,0,1,0,0,0
376,79faxjb598govq79favjcuh0zuwhglmz,1,0,1,1,1,0,0,0,1,1,1,1,0,0,0,0,1,1,0,1,1,1,1,0,0,1
377,ds9noeeqk6a938teo9ds9noeedix9omf,1,1,0,1,0,0,0,1,1,0,1,1,1,1,1,0,1,1,0,0,1,0,1,0,0,1
378,2606khtajech8a6l4h402606kht6db6u,0,0,1,0,0,1,1,1,1,1,1,1,1,1,1,0,0,1,1,0,0,1,1,1,1,1
379,bt22cackd6uiaw0a4bt22cf5xejj1fyc,1,1,0,0,0,0,0,0,1,0,0,1,0,1,1,1,1,1,0,0,0,0,1,0,0,0
380,xj4rlx9pu9ekttdc62q5f4xj4rlxgidv,1,0,0,1,0,1,1,1,1,1,0,1,1,1,1,1,1,0,0,1,1,0,1,0,0,0
381,bocohydfoomgzvbocoljajn416j46gqt,0,0,1,0,1,1,0,0,0,1,1,1,1,1,1,1,0,0,0,0,0,0,0,0,0,0
382,3n5ztp2mhwvgd8ph6l1s3n5ztp250xp0,0,1,0,0,0,0,0,1,1,1,0,1,1,1,1,0,0,1,1,0,0,0,0,0,0,0
383,41zayoqoto488tz9r8t41zayoqf4a3yf,0,1,0,0,0,0,0,1,1,1,0,1,1,1,1,0,1,1,1,0,0,0,1,0,0,0
384,i07izj2ecn88m9fwfi07izj2k7ar6hys,0,0,0,0,0,1,1,1,0,1,0,1,1,0,1,1,0,0,0,0,1,0,0,1,0,0
385,jvox44puzlh16w6e6jvox4chozqow2ml,0,1,0,1,0,0,0,0,0,0,0,1,1,0,0,1,1,0,0,0,0,0,0,0,0,1
386,g94ab9pawaestzgjhzzfg94ab9zhvelc,1,1,0,1,0,0,1,1,0,0,0,1,1,1,1,1,1,1,0,1,1,0,1,0,0,0
387,tkgekylnropdtkge02z5gul0tots7v0g,0,1,0,0,0,0,1,1,1,0,1,1,0,0,0,0,1,1,0,0,1,0,0,0,1,1
388,4ku9e93z34tx1sud2aic24ku9e93zt4i,1,1,0,0,0,1,1,1,1,0,1,1,1,1,1,1,1,0,0,0,1,0,1,0,0,0
389,9q06ecssm7tizsi959q004llhdi7a4ki,1,1,1,1,0,1,1,1,0,1,0,1,1,1,1,0,0,1,0,1,1,0,0,0,0,1
390,4b5vg6d6q7c56kl2b564bc95u29wky3e,0,1,0,0,0,0,1,1,1,1,0,1,1,1,1,1,1,0,0,1,1,0,0,1,0,0
391,ke58yhq9mmh6ncmapke58yhzo5xgry0n,0,0,0,0,0,1,1,1,0,1,0,1,1,1,1,1,1,0,0,0,1,1,0,0,1,0
392,qazlufd3q5m72vk5l6qazlufbfihoijt,1,0,0,0,0,0,0,0,1,0,1,1,1,1,0,0,1,1,0,0,0,1,0,0,0,1
393,9f4r3ecrqvfq3uec9f4rco60yq7hdhca,0,1,0,0,0,0,0,0,1,0,0,1,1,1,1,1,0,0,0,0,1,0,0,0,0,0
394,4xyefrptdbmeu3qw4xyel1xhv53n3xkg,0,1,0,0,1,0,0,0,0,0,1,1,0,0,0,0,0,0,0,1,0,0,1,0,0,0
395,nxltkigi2vcj8o9sp8pnxltkigyc5cgn,0,0,0,0,0,0,0,1,1,1,0,1,0,1,1,1,0,0,0,0,0,1,0,1,0,1
396,7fxablfdcmwvvl5ukhfn7fxabiotb2o1,0,0,0,0,1,1,1,1,1,1,1,1,1,1,1,0,0,0,0,1,1,0,0,1,0,0
397,np1iz4io7d5izuz4c0eesuinp1iz4vlr,1,0,0,1,0,1,1,1,1,1,1,1,1,1,1,0,0,1,1,0,1,0,1,0,0,1
398,xgwt6sp18ubgestkih5j9xgwt6puj2dw,0,1,0,0,0,0,1,1,0,0,1,1,1,1,1,1,0,1,0,1,0,0,0,0,0,0
399,5yslgpjkaa2fbkr99i5yslgpdb7wprlv,0,1,0,1,0,0,0,0,1,0,1,1,1,1,1,0,1,1,0,0,0,0,0,0,0,0
400,fmlp8knieyxhm034o3fml33s3cfvgxtw,1,1,0,1,1,0,0,1,0,1,1,1,1,1,1,1,0,0,0,1,1,0,1,0,0,0
401,w0jlp9emmbs1smw0jlp90aqqvgz4leit,0,0,0,1,0,0,0,1,0,1,0,0,1,0,0,0,0,0,0,0,0,0,0,0,1,1
402,ebtg9ix1ozeij4makrebtg9ibsva1qxp,0,0,0,0,0,0,0,0,0,0,1,1,1,1,1,1,1,1,1,0,0,0,0,0,1,1
403,zj79jnpj8g2un7hwsdzj79jnp5poriut,0,0,0,0,0,1,1,1,0,1,0,1,1,1,1,1,0,0,0,1,0,0,0,0,0,0
404,5894czyx25vb6o40k5894hvdq5nrntd8,0,0,0,0,0,0,1,1,0,0,1,1,1,1,1,1,0,0,1,1,1,0,0,0,0,1
405,2cs2j497wkcvsxxs2cqowquu18kuj3hz,1,1,1,1,0,1,0,1,1,0,1,1,1,1,1,1,1,1,0,1,0,0,0,0,0,1
406,t75spdna52vh89r3tkd11t75spdforgw,0,0,0,1,0,0,0,0,0,0,0,1,1,1,1,0,0,0,0,0,0,0,0,1,0,0
407,g6y8tibmjm32p03jn3dg6y8tl20mcxyh,1,0,0,1,0,0,1,1,0,1,0,1,1,1,1,1,0,0,1,1,0,0,0,0,0,1
408,i2wubl2wudchjm1i6znpi2wublhtv6cf,0,1,0,0,0,0,0,0,1,0,0,0,0,0,0,0,1,1,0,1,1,1,0,0,0,0
409,03o795a6ewbzoc9w03o7916m09n9ec6y,0,0,1,0,0,0,0,0,0,0,0,1,1,1,1,0,0,0,0,0,0,0,1,0,0,1
410,0r5luri38hcxgs9p0uj0o0r5lu4n9r54,0,0,0,0,1,0,0,0,0,0,1,0,0,0,0,0,0,0,1,0,0,1,0,0,0,0
